2022;166;0;-2.2;161.6
2022;166;1;6.5;161.6
2022;166;2;-12.4;107.0
2022;166;3;-32.5;123.6
2022;166;4;-7.1;104.0
2022;166;5;20.4;135.9
2022;166;6;4.8;110.3
2022;166;7;11.8;122.4
2022;166;8;-6.0;104.6
2022;166;9;49.8;125.9
2022;166;10;-12.4;109.1
2022;166;11;-58.2;68.7
2022;166;12;-49.0;42.5
2022;166;13;-60.4;32.8
2022;166;14;-59.5;96.9
2022;166;15;-15.0;141.9
2022;166;16;-31.1;122.8
2022;166;17;3.6;128.7
2022;166;18;17.7;146.9
2022;166;19;24.8;139.9
2022;166;20;18.5;151.5
2022;166;21;32.0;160.0
2022;166;22;-3.0;129.0
2022;166;23;48.8;201.8
2022;167;0;36.5;174.7
2022;167;1;7.2;146.0
2022;167;2;36.7;142.4
2022;167;3;59.9;132.2
2022;167;4;12.8;143.8
2022;167;5;50.2;139.7
2022;167;6;55.4;123.7
2022;167;7;46.5;152.2
2022;167;8;41.1;160.4
2022;167;9;34.3;126.1
2022;167;10;0.9;153.1
2022;167;11;-4.3;161.8
2022;167;12;-21.0;141.9
2022;167;13;9.3;151.3
2022;167;14;2.7;164.3
2022;167;15;7.3;158.0
2022;167;16;39.1;200.6
2022;167;17;4.2;194.3
2022;167;18;-9.1;198.2
2022;167;19;-17.8;137.4
2022;167;20;-60.5;222.2
2022;167;21;-43.4;168.0
2022;167;22;-23.0;161.8
2022;167;23;39.2;151.7
2022;168;0;17.3;145.0
2022;168;1;-41.7;135.9
2022;168;2;-7.6;140.5
2022;168;3;1.9;145.0
2022;168;4;9.1;143.1
2022;168;5;34.6;160.5
2022;168;6;37.8;202.1
2022;168;7;-9.6;152.8
2022;168;8;9.8;140.8
2022;168;9;-51.9;175.2
2022;168;10;-58.3;180.0
2022;168;11;23.8;208.2
2022;168;12;-1.8;171.2
2022;168;13;31.2;155.4
2022;168;14;6.6;149.4
2022;168;15;7.7;168.2
2022;168;16;30.1;175.3
2022;168;17;27.7;148.5
2022;168;18;-18.3;153.2
2022;168;19;16.4;160.7
2022;168;20;47.5;102.0
2022;168;21;21.4;142.0
2022;168;22;37.1;149.5
2022;168;23;3.8;162.1
2022;169;0;-14.3;203.7
2022;169;1;-19.2;91.1
2022;169;2;-23.4;112.3
2022;169;3;23.2;121.7
2022;169;4;10.2;104.1
2022;169;5;-0.3;104.3
2022;169;6;-1.6;105.6
2022;169;7;13.3;108.4
2022;169;8;20.4;167.9
2022;169;9;-6.8;169.0
2022;169;10;11.8;171.2
2022;169;11;26.4;172.4
2022;169;12;25.1;147.3
2022;169;13;26.0;133.7
2022;169;14;16.8;115.3
2022;169;15;23.9;119.0
2022;169;16;15.9;131.5
2022;169;17;11.0;146.7
2022;169;18;29.9;138.8
2022;169;19;-2.4;181.1
2022;169;20;-31.5;212.7
2022;169;21;-16.7;191.0
2022;169;22;-30.6;214.2
2022;169;23;-1.7;172.6
2022;170;0;31.9;261.3
2022;170;1;-13.4;240.2
2022;170;2;-29.4;219.6
2022;170;3;-27.2;194.0
2022;170;4;-7.1;131.9
2022;170;5;41.9;202.8
2022;170;6;47.2;202.4
2022;170;7;-4.7;218.1
2022;170;8;-6.0;216.5
2022;170;9;4.9;195.2
2022;170;10;-19.3;202.2
2022;170;11;-38.0;177.2
2022;170;12;50.6;119.0
2022;170;13;28.3;32.9
2022;170;14;8.4;40.4
2022;170;15;-17.3;103.2
2022;170;16;-21.1;168.5
2022;170;17;-22.9;161.1
2022;170;18;-13.5;173.4
2022;170;19;2.2;173.3
2022;170;20;11.7;156.1
2022;170;21;24.3;170.9
2022;170;22;27.5;162.7
2022;170;23;24.8;163.2
2022;171;0;21.4;163.5
2022;171;1;-2.0;180.9
2022;171;2;0.4;171.9
2022;171;3;-4.5;184.0
2022;171;4;-12.6;178.7
2022;171;5;-17.3;159.8
2022;171;6;-11.9;148.7
2022;171;7;4.6;123.4
2022;171;8;-0.4;114.8
2022;171;9;-4.4;128.3
2022;171;10;-18.7;137.0
2022;171;11;-20.1;127.4
2022;171;12;-29.4;121.9
2022;171;13;-48.8;86.4
2022;171;14;-53.5;21.7
2022;171;15;-58.7;14.1
2022;171;16;-42.7;355.9
2022;171;17;-13.7;339.7
2022;171;18;-19.5;24.0
2022;171;19;2.3;148.3
2022;171;20;-10.0;142.4
2022;171;21;3.3;126.0
2022;171;22;-15.0;147.1
2022;171;23;-31.0;149.7
2022;172;0;-22.5;135.5
2022;172;1;-26.2;152.6
2022;172;2;-9.8;120.8
2022;172;3;14.8;126.0
2022;172;4;-2.4;183.0
2022;172;5;9.6;161.8
2022;172;6;-1.0;134.9
2022;172;7;-6.4;119.6
2022;172;8;0.1;120.0
2022;172;9;-10.6;132.3
2022;172;10;3.4;260.8
2022;172;11;-34.0;319.1
2022;172;12;-40.6;358.1
2022;172;13;1.2;134.1
2022;172;14;18.4;197.3
2022;172;15;-2.0;254.1
2022;172;16;6.3;236.7
2022;172;17;16.8;239.2
2022;172;18;4.2;270.4
2022;172;19;7.9;277.5
2022;172;20;6.6;298.2
2022;172;21;-3.4;300.0
2022;172;22;999.9;999.9
2022;172;23;999.9;999.9
2022;173;0;999.9;999.9
2022;173;1;5.4;310.4
2022;173;2;5.5;312.3
2022;173;3;4.5;313.6
2022;173;4;-12.6;320.3
2022;173;5;-26.4;331.8
2022;173;6;-5.3;301.2
2022;173;7;-45.4;14.2
2022;173;8;-23.5;328.9
2022;173;9;-6.2;304.2
2022;173;10;-8.6;311.4
2022;173;11;-22.4;325.6
2022;173;12;-27.7;33.6
2022;173;13;-32.1;16.6
2022;173;14;-19.9;12.4
2022;173;15;-11.9;18.4
2022;173;16;14.9;343.4
2022;173;17;1.7;324.2
2022;173;18;-5.0;327.4
2022;173;19;-18.8;318.8
2022;173;20;0.2;316.5
2022;173;21;-9.7;336.3
2022;173;22;3.2;291.6
2022;173;23;-30.2;293.1
2022;174;0;-23.5;325.1
2022;174;1;-15.9;299.4
2022;174;2;-27.2;283.8
2022;174;3;-8.2;297.3
2022;174;4;3.5;300.8
2022;174;5;23.5;311.4
2022;174;6;47.0;314.4
2022;174;7;6.6;305.9
2022;174;8;-14.3;332.2
2022;174;9;-2.1;306.2
2022;174;10;4.3;336.3
2022;174;11;20.6;296.8
2022;174;12;7.6;307.5
2022;174;13;9.6;328.7
2022;174;14;9.0;322.4
2022;174;15;8.7;333.0
2022;174;16;-6.1;332.8
2022;174;17;-5.6;319.4
2022;174;18;-12.8;330.6
2022;174;19;-11.8;290.6
2022;174;20;30.5;345.8
2022;174;21;28.1;316.3
2022;174;22;-3.2;319.6
2022;174;23;-33.1;335.5
2022;175;0;29.3;321.6
2022;175;1;22.1;333.7
2022;175;2;29.3;335.5
2022;175;3;43.6;346.5
2022;175;4;43.6;330.7
2022;175;5;35.9;349.5
2022;175;6;23.2;330.6
2022;175;7;21.6;321.4
2022;175;8;18.4;343.0
2022;175;9;6.8;357.1
2022;175;10;14.4;339.3
2022;175;11;13.4;327.7
2022;175;12;12.0;305.8
2022;175;13;8.9;289.3
2022;175;14;5.5;292.3
2022;175;15;11.1;340.3
2022;175;16;-6.6;351.4
2022;175;17;-8.9;305.5
2022;175;18;-18.3;287.7
2022;175;19;-33.1;277.9
2022;175;20;-4.3;310.1
2022;175;21;-28.0;296.7
2022;175;22;-26.0;297.8
2022;175;23;-36.5;278.2
2022;176;0;-21.8;290.0
2022;176;1;-25.5;288.9
2022;176;2;-18.4;294.5
2022;176;3;-23.4;290.0
2022;176;4;-17.8;289.0
2022;176;5;-22.6;299.8
2022;176;6;-25.2;304.4
2022;176;7;-23.7;305.3
2022;176;8;-36.5;307.3
2022;176;9;-25.6;308.2
2022;176;10;-3.1;303.0
2022;176;11;5.5;302.9
2022;176;12;-21.6;308.8
2022;176;13;-31.7;322.4
2022;176;14;-43.0;315.0
2022;176;15;-45.8;315.7
2022;176;16;-35.5;295.8
2022;176;17;-41.0;289.9
2022;176;18;-48.9;285.0
2022;176;19;-48.0;294.9
2022;176;20;27.1;315.3
2022;176;21;-47.4;276.6
2022;176;22;-46.0;264.0
2022;176;23;-54.5;222.1
2022;177;0;-22.3;275.4
2022;177;1;2.2;321.9
2022;177;2;-1.5;318.5
2022;177;3;-7.1;324.7
2022;177;4;-5.6;326.2
2022;177;5;16.5;340.2
2022;177;6;37.8;356.1
2022;177;7;-57.7;191.6
2022;177;8;-50.1;207.1
2022;177;9;21.9;26.0
2022;177;10;-61.6;272.2
2022;177;11;-10.9;269.8
2022;177;12;-52.6;218.4
2022;177;13;15.7;276.2
2022;177;14;54.9;320.5
2022;177;15;10.8;306.8
2022;177;16;-11.3;293.5
2022;177;17;-5.7;307.0
2022;177;18;-23.9;264.2
2022;177;19;54.4;334.2
2022;177;20;32.7;315.5
2022;177;21;8.6;304.4
2022;177;22;22.9;286.6
2022;177;23;-19.9;355.9
2022;178;0;15.8;347.6
2022;178;1;17.4;325.1
2022;178;2;-36.9;299.4
2022;178;3;-9.7;275.3
2022;178;4;-28.1;328.0
2022;178;5;-23.1;327.5
2022;178;6;-10.0;280.8
2022;178;7;18.5;291.6
2022;178;8;39.7;285.9
2022;178;9;28.3;346.9
2022;178;10;17.1;334.7
2022;178;11;26.0;328.5
2022;178;12;8.1;356.0
2022;178;13;8.4;4.1
2022;178;14;3.6;358.3
2022;178;15;-4.3;353.1
2022;178;16;-2.8;345.6
2022;178;17;6.4;346.8
2022;178;18;3.1;337.7
2022;178;19;7.0;337.8
2022;178;20;-5.3;325.1
2022;178;21;10.9;317.8
2022;178;22;-12.2;325.2
2022;178;23;15.8;305.0
2022;179;0;10.9;317.4
2022;179;1;15.4;310.0
2022;179;2;20.0;270.0
2022;179;3;48.4;340.5
2022;179;4;10.1;270.1
2022;179;5;-51.3;277.6
2022;179;6;23.6;258.6
2022;179;7;-7.7;253.3
2022;179;8;6.2;231.6
2022;179;9;-5.8;225.6
2022;179;10;3.5;298.2
2022;179;11;3.5;251.3
2022;179;12;75.8;317.3
2022;179;13;-7.7;268.4
2022;179;14;61.0;279.8
2022;179;15;60.9;279.5
2022;179;16;35.8;343.8
2022;179;17;14.5;20.7
2022;179;18;-11.7;346.9
2022;179;19;5.4;15.9
2022;179;20;-19.1;359.1
2022;179;21;-46.5;291.4
2022;179;22;-61.7;298.5
2022;179;23;-61.0;276.3
2022;180;0;-58.3;0.4
2022;180;1;-9.8;226.0
2022;180;2;12.0;219.3
2022;180;3;59.7;291.7
2022;180;4;-0.5;325.1
2022;180;5;-51.8;343.5
2022;180;6;-19.8;223.5
2022;180;7;-9.1;230.6
2022;180;8;-10.2;213.9
2022;180;9;-18.3;206.3
2022;180;10;-22.7;207.4
2022;180;11;-27.2;205.8
2022;180;12;-33.0;213.7
2022;180;13;-2.4;237.5
2022;180;14;50.9;300.4
2022;180;15;58.3;294.7
2022;180;16;67.8;307.3
2022;180;17;65.3;340.5
2022;180;18;75.5;284.9
2022;180;19;61.4;291.5
2022;180;20;48.8;309.6
2022;180;21;13.2;312.7
2022;180;22;26.0;290.5
2022;180;23;41.4;247.2
2022;181;0;32.2;259.0
2022;181;1;31.3;272.7
2022;181;2;-4.3;279.2
2022;181;3;20.0;299.8
2022;181;4;43.9;357.2
2022;181;5;54.9;28.7
2022;181;6;30.2;311.4
2022;181;7;35.2;30.4
2022;181;8;8.3;19.9
2022;181;9;-19.2;6.7
2022;181;10;-26.7;346.6
2022;181;11;-26.2;290.9
2022;181;12;-27.6;287.7
2022;181;13;-28.1;288.7
2022;181;14;-24.8;293.6
2022;181;15;-27.8;315.3
2022;181;16;-17.9;339.9
2022;181;17;-0.5;339.1
2022;181;18;-20.1;309.7
2022;181;19;-6.4;322.1
2022;181;20;-2.9;328.2
2022;181;21;-1.9;335.3
2022;181;22;-2.8;331.9
2022;181;23;-0.6;334.9
2022;182;0;-8.6;330.0
2022;182;1;1.7;331.7
2022;182;2;4.1;345.2
2022;182;3;9.8;348.2
2022;182;4;-0.8;339.7
2022;182;5;-2.6;322.9
2022;182;6;-7.7;295.6
2022;182;7;2.7;302.3
2022;182;8;4.9;290.3
2022;182;9;5.7;266.8
2022;182;10;1.7;267.4
2022;182;11;-1.7;263.8
2022;182;12;-11.7;281.2
2022;182;13;17.2;279.4
2022;182;14;2.4;285.2
2022;182;15;7.9;303.4
2022;182;16;5.8;258.3
2022;182;17;-4.2;268.0
2022;182;18;-5.4;263.8
2022;182;19;-16.3;262.8
2022;182;20;-1.8;271.4
2022;182;21;-11.2;268.8
2022;182;22;-23.8;268.8
2022;182;23;-45.4;273.9
2022;183;0;-75.0;273.6
2022;183;1;-51.5;82.0
2022;183;2;-19.2;82.8
2022;183;3;-34.0;82.8
2022;183;4;-56.0;75.9
2022;183;5;-76.1;32.3
2022;183;6;-72.8;281.5
2022;183;7;-63.8;267.7
2022;183;8;-57.4;259.6
2022;183;9;-54.3;267.4
2022;183;10;-45.9;274.0
2022;183;11;-37.3;278.7
2022;183;12;-18.2;266.0
2022;183;13;3.3;259.8
2022;183;14;-3.7;268.3
2022;183;15;-4.7;274.5
2022;183;16;1.8;276.7
2022;183;17;-0.7;282.1
2022;183;18;12.6;282.4
2022;183;19;26.1;278.9
2022;183;20;32.6;261.4
2022;183;21;38.7;263.9
2022;183;22;44.7;257.0
2022;183;23;28.4;269.6
2022;184;0;12.9;284.6
2022;184;1;25.2;271.5
2022;184;2;27.5;275.1
2022;184;3;36.2;266.6
2022;184;4;34.9;284.4
2022;184;5;41.7;298.8
2022;184;6;53.6;297.3
2022;184;7;50.3;299.8
2022;184;8;58.1;293.7
2022;184;9;71.3;281.4
2022;184;10;85.0;259.9
2022;184;11;86.2;321.0
2022;184;12;82.1;107.5
2022;184;13;86.2;326.8
2022;184;14;43.0;281.8
2022;184;15;39.0;266.0
2022;184;16;36.9;249.9
2022;184;17;17.3;255.7
2022;184;18;1.2;268.0
2022;184;19;-10.5;261.2
2022;184;20;3.2;258.3
2022;184;21;45.3;1.3
2022;184;22;36.7;341.8
2022;184;23;26.0;315.9
2022;185;0;3.4;296.0
2022;185;1;-11.1;293.6
2022;185;2;-58.4;305.7
2022;185;3;-52.7;244.4
2022;185;4;-37.3;255.9
2022;185;5;-10.5;272.4
2022;185;6;-1.9;271.1
2022;185;7;49.0;261.9
2022;185;8;59.1;257.5
2022;185;9;70.9;221.9
2022;185;10;11.8;279.1
2022;185;11;-0.9;269.5
2022;185;12;6.3;273.1
2022;185;13;24.4;277.9
2022;185;14;12.4;288.3
2022;185;15;-38.2;348.2
2022;185;16;-28.7;338.9
2022;185;17;-23.2;316.9
2022;185;18;-0.9;302.2
2022;185;19;-33.5;316.9
2022;185;20;-24.3;304.1
2022;185;21;-27.0;297.0
2022;185;22;-16.3;315.3
2022;185;23;7.8;250.8
2022;186;0;-6.0;269.8
2022;186;1;18.2;306.6
2022;186;2;31.0;340.1
2022;186;3;25.1;297.3
2022;186;4;12.1;237.7
2022;186;5;-19.4;240.1
2022;186;6;13.1;300.9
2022;186;7;-16.1;299.0
2022;186;8;-7.2;329.3
2022;186;9;1.2;317.7
2022;186;10;0.7;305.4
2022;186;11;-23.9;283.9
2022;186;12;-6.3;268.2
2022;186;13;10.3;287.6
2022;186;14;0.8;281.0
2022;186;15;-7.0;244.8
2022;186;16;-1.7;240.6
2022;186;17;23.0;345.7
2022;186;18;12.4;296.5
2022;186;19;-1.0;302.7
2022;186;20;-18.2;314.4
2022;186;21;-41.1;353.3
2022;186;22;-23.0;86.6
2022;186;23;-13.6;113.1
2022;187;0;-24.8;116.8
2022;187;1;16.1;55.1
2022;187;2;59.7;345.0
2022;187;3;50.5;42.2
2022;187;4;48.5;63.9
2022;187;5;25.8;77.1
2022;187;6;1.5;86.3
2022;187;7;-55.2;73.9
2022;187;8;-26.6;62.6
2022;187;9;1.9;74.1
2022;187;10;28.5;80.8
2022;187;11;14.1;162.8
2022;187;12;-14.1;127.7
2022;187;13;-0.2;195.0
2022;187;14;-17.4;167.7
2022;187;15;2.1;76.3
2022;187;16;-30.5;140.5
2022;187;17;5.6;57.3
2022;187;18;3.5;74.2
2022;187;19;19.3;63.7
2022;187;20;15.4;54.6
2022;187;21;38.0;58.5
2022;187;22;40.5;47.6
2022;187;23;44.8;43.3
2022;188;0;9.6;35.2
2022;188;1;35.4;54.2
2022;188;2;35.7;69.9
2022;188;3;19.5;61.0
2022;188;4;1.7;39.5
2022;188;5;25.1;83.2
2022;188;6;-5.1;108.9
2022;188;7;-14.7;66.5
2022;188;8;14.2;150.7
2022;188;9;-9.0;36.4
2022;188;10;31.3;57.9
2022;188;11;-63.7;17.7
2022;188;12;-22.5;44.1
2022;188;13;-40.4;42.5
2022;188;14;-45.7;33.7
2022;188;15;-54.5;15.1
2022;188;16;-57.8;7.0
2022;188;17;-59.2;336.2
2022;188;18;-54.8;329.1
2022;188;19;-51.0;312.0
2022;188;20;-46.4;304.3
2022;188;21;-45.6;305.4
2022;188;22;-37.2;282.6
2022;188;23;-33.6;275.2
2022;189;0;-24.9;270.9
2022;189;1;-27.1;266.1
2022;189;2;-11.0;260.8
2022;189;3;8.0;253.6
2022;189;4;31.9;245.3
2022;189;5;49.8;232.6
2022;189;6;65.4;226.0
2022;189;7;30.7;259.7
2022;189;8;43.4;243.3
2022;189;9;47.9;168.1
2022;189;10;38.7;208.1
2022;189;11;-24.0;168.7
2022;189;12;-15.2;176.2
2022;189;13;-14.4;181.5
2022;189;14;-7.6;185.6
2022;189;15;-0.4;190.9
2022;189;16;8.5;176.2
2022;189;17;10.1;163.2
2022;189;18;-29.3;150.4
2022;189;19;68.8;100.2
2022;189;20;67.5;306.7
2022;189;21;60.7;301.9
2022;189;22;71.2;344.5
2022;189;23;66.0;84.4
2022;190;0;22.3;154.7
2022;190;1;24.3;167.2
2022;190;2;5.2;206.2
2022;190;3;-17.8;210.5
2022;190;4;-11.7;189.2
2022;190;5;-0.5;193.9
2022;190;6;8.4;206.3
2022;190;7;23.2;217.5
2022;190;8;34.4;223.9
2022;190;9;34.0;232.0
2022;190;10;41.7;236.2
2022;190;11;46.1;235.5
2022;190;12;69.2;215.3
2022;190;13;47.6;58.6
2022;190;14;-71.5;333.2
2022;190;15;-63.3;259.3
2022;190;16;-29.3;240.3
2022;190;17;15.0;222.3
2022;190;18;-3.4;218.4
2022;190;19;-14.8;218.9
2022;190;20;23.6;183.5
2022;190;21;9.7;203.0
2022;190;22;7.1;203.7
2022;190;23;10.8;203.6
2022;191;0;8.7;200.1
2022;191;1;12.2;190.0
2022;191;2;0.4;204.7
2022;191;3;9.8;194.2
2022;191;4;21.0;190.2
2022;191;5;14.3;185.3
2022;191;6;15.0;178.4
2022;191;7;33.4;182.9
2022;191;8;52.5;184.8
2022;191;9;37.1;152.9
2022;191;10;9.2;133.1
2022;191;11;-0.6;125.7
2022;191;12;29.2;163.3
2022;191;13;22.9;158.1
2022;191;14;17.5;140.8
2022;191;15;14.9;155.8
2022;191;16;-7.3;139.7
2022;191;17;-18.1;138.6
2022;191;18;-23.6;157.4
2022;191;19;-45.5;155.9
2022;191;20;-23.6;161.2
2022;191;21;-3.0;177.3
2022;191;22;-8.9;201.2
2022;191;23;3.9;220.6
2022;192;0;3.9;229.6
2022;192;1;20.3;227.6
2022;192;2;9.3;210.9
2022;192;3;27.1;188.9
2022;192;4;24.1;209.9
2022;192;5;24.1;232.5
2022;192;6;33.9;198.0
2022;192;7;32.5;179.0
2022;192;8;23.9;177.2
2022;192;9;18.6;157.9
2022;192;10;7.7;153.3
2022;192;11;2.8;144.2
2022;192;12;-10.1;148.2
2022;192;13;-10.7;141.2
2022;192;14;-25.2;140.2
2022;192;15;-20.0;119.5
2022;192;16;-25.4;127.9
2022;192;17;-14.1;110.5
2022;192;18;-24.2;104.1
2022;192;19;-48.7;114.4
2022;192;20;-10.6;97.3
2022;192;21;-14.8;96.7
2022;192;22;-25.1;92.5
2022;192;23;-13.3;104.0
2022;193;0;-21.4;98.6
2022;193;1;-13.1;103.9
2022;193;2;-20.3;103.1
2022;193;3;13.5;149.4
2022;193;4;-18.2;110.6
2022;193;5;-17.3;111.5
2022;193;6;38.7;148.2
2022;193;7;10.1;133.0
2022;193;8;-18.4;111.6
2022;193;9;47.2;157.4
2022;193;10;46.1;151.3
2022;193;11;-31.6;121.9
2022;193;12;-29.8;124.0
2022;193;13;9.7;160.2
2022;193;14;-5.4;128.0
2022;193;15;-4.0;110.2
2022;193;16;-20.3;110.8
2022;193;17;-25.9;110.0
2022;193;18;-29.2;89.1
2022;193;19;-4.3;113.6
2022;193;20;2.4;127.7
2022;193;21;5.4;135.8
2022;193;22;-11.0;101.0
2022;193;23;2.8;110.0
2022;194;0;16.3;118.7
2022;194;1;18.9;115.8
2022;194;2;29.2;100.1
2022;194;3;23.4;107.4
2022;194;4;24.5;118.8
2022;194;5;14.5;91.2
2022;194;6;24.3;94.5
2022;194;7;11.8;78.7
2022;194;8;-0.8;138.5
2022;194;9;10.1;116.1
2022;194;10;3.2;51.9
2022;194;11;-14.3;37.5
2022;194;12;-18.3;38.0
2022;194;13;-30.6;40.2
2022;194;14;-8.5;102.7
2022;194;15;4.2;134.4
2022;194;16;17.1;144.7
2022;194;17;5.7;136.6
2022;194;18;13.1;151.3
2022;194;19;22.6;162.5
2022;194;20;14.9;147.4
2022;194;21;19.0;155.2
2022;194;22;19.3;161.4
2022;194;23;999.9;999.9
2022;195;0;8.8;148.3
2022;195;1;14.8;147.5
2022;195;2;-1.9;140.0
2022;195;3;2.9;146.2
2022;195;4;11.7;138.6
2022;195;5;11.1;136.6
2022;195;6;14.0;130.0
2022;195;7;14.0;145.6
2022;195;8;10.6;153.3
2022;195;9;12.3;152.3
2022;195;10;17.7;157.7
2022;195;11;18.8;157.8
2022;195;12;25.6;161.2
2022;195;13;26.8;170.4
2022;195;14;37.2;181.1
2022;195;15;-2.2;134.4
2022;195;16;-8.4;139.1
2022;195;17;-8.1;136.7
2022;195;18;-17.5;123.4
2022;195;19;-14.9;112.4
2022;195;20;-17.4;112.7
2022;195;21;-14.2;122.2
2022;195;22;-27.8;97.0
2022;195;23;-27.9;79.1
2022;196;0;-26.8;104.6
2022;196;1;-21.4;100.4
2022;196;2;-8.4;133.4
2022;196;3;-0.6;140.1
2022;196;4;6.6;147.0
2022;196;5;2.8;149.8
2022;196;6;6.5;158.5
2022;196;7;22.3;157.4
2022;196;8;7.2;150.3
2022;196;9;-12.5;141.5
2022;196;10;-17.3;156.8
2022;196;11;-8.8;138.7
2022;196;12;11.8;138.9
2022;196;13;-12.4;128.3
2022;196;14;-16.3;124.9
2022;196;15;-30.2;126.6
2022;196;16;-50.6;154.7
2022;196;17;-38.3;126.6
2022;196;18;-50.1;107.0
2022;196;19;-39.8;78.8
2022;196;20;-43.5;64.6
2022;196;21;-24.9;90.9
2022;196;22;-12.5;85.6
2022;196;23;-12.8;84.0
2022;197;0;-7.5;96.5
2022;197;1;-22.1;99.3
2022;197;2;-25.8;83.7
2022;197;3;-9.7;101.0
2022;197;4;-14.4;98.2
2022;197;5;-20.5;106.1
2022;197;6;-32.8;86.4
2022;197;7;-1.9;118.2
2022;197;8;-9.1;116.1
2022;197;9;-5.9;113.8
2022;197;10;2.2;123.0
2022;197;11;16.7;137.9
2022;197;12;10.8;134.1
2022;197;13;14.5;151.2
2022;197;14;4.1;137.8
2022;197;15;2.4;141.1
2022;197;16;10.8;125.9
2022;197;17;12.6;129.3
2022;197;18;9.5;126.7
2022;197;19;2.0;112.3
2022;197;20;3.1;115.5
2022;197;21;0.2;125.4
2022;197;22;11.0;139.1
2022;197;23;12.9;141.1
2022;198;0;7.2;135.8
2022;198;1;3.9;133.6
2022;198;2;1.4;141.5
2022;198;3;1.9;139.1
2022;198;4;1.6;142.2
2022;198;5;-14.3;153.4
2022;198;6;1.8;150.1
2022;198;7;12.2;150.9
2022;198;8;21.3;131.3
2022;198;9;22.8;127.7
2022;198;10;23.3;113.5
2022;198;11;21.1;120.8
2022;198;12;20.8;94.6
2022;198;13;35.6;97.0
2022;198;14;35.7;85.4
2022;198;15;38.9;85.7
2022;198;16;35.0;101.5
2022;198;17;10.1;119.4
2022;198;18;0.7;115.8
2022;198;19;-19.7;135.0
2022;198;20;-3.8;142.2
2022;198;21;2.7;137.8
2022;198;22;-0.4;135.0
2022;198;23;5.2;135.8
2022;199;0;58.7;137.6
2022;199;1;42.7;145.4
2022;199;2;54.4;113.8
2022;199;3;29.7;118.2
2022;199;4;6.4;121.6
2022;199;5;-20.8;118.4
2022;199;6;15.1;164.6
2022;199;7;-8.1;168.3
2022;199;8;-22.9;193.9
2022;199;9;-26.7;184.6
2022;199;10;-43.6;169.1
2022;199;11;-31.3;164.4
2022;199;12;8.5;156.4
2022;199;13;64.0;129.1
2022;199;14;67.1;164.1
2022;199;15;51.2;108.5
2022;199;16;29.4;123.8
2022;199;17;19.9;131.5
2022;199;18;-1.8;127.6
2022;199;19;-32.0;136.7
2022;199;20;-51.2;181.2
2022;199;21;-23.4;121.0
2022;199;22;33.8;98.9
2022;199;23;59.8;114.1
2022;200;0;78.6;113.7
2022;200;1;66.0;136.4
2022;200;2;62.0;278.6
2022;200;3;40.1;255.7
2022;200;4;52.4;253.1
2022;200;5;-54.6;261.4
2022;200;6;-30.2;275.3
2022;200;7;-46.7;242.7
2022;200;8;-62.9;159.6
2022;200;9;-54.5;171.8
2022;200;10;-51.0;181.1
2022;200;11;-41.8;188.6
2022;200;12;-67.4;155.9
2022;200;13;-71.9;80.0
2022;200;14;-66.1;56.7
2022;200;15;-67.7;76.1
2022;200;16;-64.8;72.6
2022;200;17;-56.4;75.7
2022;200;18;-58.6;50.7
2022;200;19;-53.5;55.9
2022;200;20;-43.6;50.3
2022;200;21;-36.4;52.5
2022;200;22;-29.2;50.4
2022;200;23;-17.9;43.3
2022;201;0;-18.4;47.5
2022;201;1;-12.3;42.3
2022;201;2;-13.6;35.2
2022;201;3;4.4;28.1
2022;201;4;19.7;24.2
2022;201;5;32.4;18.1
2022;201;6;17.6;13.7
2022;201;7;15.6;23.1
2022;201;8;11.8;6.7
2022;201;9;28.3;7.2
2022;201;10;26.3;17.4
2022;201;11;5.0;35.9
2022;201;12;5.5;5.5
2022;201;13;5.1;351.4
2022;201;14;2.8;26.2
2022;201;15;12.1;18.0
2022;201;16;1.6;15.1
2022;201;17;-5.9;24.2
2022;201;18;-10.3;14.9
2022;201;19;7.0;340.2
2022;201;20;3.0;349.5
2022;201;21;2.2;322.9
2022;201;22;-26.0;319.0
2022;201;23;-4.2;325.5
2022;202;0;-4.0;337.6
2022;202;1;13.8;330.1
2022;202;2;12.2;319.1
2022;202;3;7.0;336.1
2022;202;4;0.0;336.7
2022;202;5;13.5;330.1
2022;202;6;13.2;317.2
2022;202;7;3.3;310.9
2022;202;8;-21.0;304.6
2022;202;9;-30.4;310.0
2022;202;10;-46.0;295.1
2022;202;11;-46.6;303.5
2022;202;12;33.8;316.7
2022;202;13;35.5;308.5
2022;202;14;22.2;325.4
2022;202;15;-37.0;281.7
2022;202;16;-39.5;263.3
2022;202;17;20.8;271.0
2022;202;18;33.9;283.2
2022;202;19;5.3;284.6
2022;202;20;-21.4;272.6
2022;202;21;-1.7;283.8
2022;202;22;27.8;296.0
2022;202;23;-23.6;272.7
2022;203;0;-4.3;301.5
2022;203;1;16.6;306.2
2022;203;2;9.2;308.9
2022;203;3;-1.0;289.5
2022;203;4;11.2;306.7
2022;203;5;-1.2;310.7
2022;203;6;-15.3;299.8
2022;203;7;-22.1;298.0
2022;203;8;-1.2;292.3
2022;203;9;20.9;299.8
2022;203;10;22.0;310.1
2022;203;11;10.1;303.3
2022;203;12;24.9;315.8
2022;203;13;5.4;307.8
2022;203;14;10.1;300.9
2022;203;15;5.2;291.5
2022;203;16;-7.8;297.2
2022;203;17;19.8;312.0
2022;203;18;14.1;316.8
2022;203;19;23.8;324.1
2022;203;20;35.6;335.0
2022;203;21;20.6;341.3
2022;203;22;-5.9;299.5
2022;203;23;-4.0;319.8
2022;204;0;-9.9;300.9
2022;204;1;-4.8;305.1
2022;204;2;-12.1;309.4
2022;204;3;-39.6;339.3
2022;204;4;-19.8;314.5
2022;204;5;-0.2;293.8
2022;204;6;5.5;287.9
2022;204;7;-10.1;305.6
2022;204;8;-11.9;314.6
2022;204;9;-13.3;309.8
2022;204;10;-0.6;284.6
2022;204;11;-1.2;276.5
2022;204;12;3.5;285.4
2022;204;13;10.3;300.9
2022;204;14;-2.3;310.5
2022;204;15;38.1;279.4
2022;204;16;1.8;317.2
2022;204;17;-16.0;328.9
2022;204;18;-19.3;329.5
2022;204;19;-9.1;330.3
2022;204;20;-25.8;325.1
2022;204;21;-22.1;310.9
2022;204;22;-17.9;293.6
2022;204;23;-38.8;300.9
2022;205;0;-24.8;251.2
2022;205;1;-55.4;105.4
2022;205;2;-18.3;51.6
2022;205;3;-45.5;20.2
2022;205;4;-17.9;334.8
2022;205;5;23.8;301.7
2022;205;6;14.2;320.9
2022;205;7;-2.5;7.7
2022;205;8;4.8;334.0
2022;205;9;2.6;313.3
2022;205;10;-14.0;35.9
2022;205;11;6.0;342.8
2022;205;12;3.3;342.2
2022;205;13;-9.1;346.6
2022;205;14;-5.8;344.0
2022;205;15;-15.2;347.5
2022;205;16;-20.9;6.7
2022;205;17;-36.9;16.4
2022;205;18;17.2;323.4
2022;205;19;9.9;6.2
2022;205;20;3.6;27.2
2022;205;21;8.5;23.5
2022;205;22;17.2;348.9
2022;205;23;-19.0;14.7
2022;206;0;-20.9;357.3
2022;206;1;-18.1;5.6
2022;206;2;-2.4;354.7
2022;206;3;-26.4;286.7
2022;206;4;-3.7;312.3
2022;206;5;-1.0;324.2
2022;206;6;3.8;322.8
2022;206;7;44.1;19.1
2022;206;8;12.9;359.5
2022;206;9;15.7;350.9
2022;206;10;14.3;343.0
2022;206;11;-5.8;332.8
2022;206;12;2.6;318.7
2022;206;13;8.8;337.8
2022;206;14;30.0;340.0
2022;206;15;-6.5;321.7
2022;206;16;-9.4;335.0
2022;206;17;-5.3;325.1
2022;206;18;1.1;332.6
2022;206;19;-7.0;335.4
2022;206;20;2.2;335.6
2022;206;21;-15.8;340.8
2022;206;22;-25.2;341.3
2022;206;23;-18.5;303.8
2022;207;0;-56.8;295.0
2022;207;1;-69.6;273.3
2022;207;2;-69.2;319.4
2022;207;3;-14.9;329.0
2022;207;4;0.9;331.0
2022;207;5;0.8;328.4
2022;207;6;-0.9;326.2
2022;207;7;-2.3;326.7
2022;207;8;-15.4;327.9
2022;207;9;-5.3;329.9
2022;207;10;-12.2;330.0
2022;207;11;-36.7;358.2
2022;207;12;-28.6;325.1
2022;207;13;-25.8;319.6
2022;207;14;-13.7;321.3
2022;207;15;-12.8;330.0
2022;207;16;6.1;338.5
2022;207;17;8.8;338.8
2022;207;18;-1.6;334.6
2022;207;19;6.9;336.1
2022;207;20;-2.0;345.0
2022;207;21;-28.4;348.2
2022;207;22;-3.9;332.9
2022;207;23;-11.9;334.3
2022;208;0;-22.6;314.0
2022;208;1;-19.8;308.8
2022;208;2;-36.3;304.0
2022;208;3;-31.5;302.3
2022;208;4;-31.5;315.9
2022;208;5;-58.5;125.9
2022;208;6;-18.2;287.9
2022;208;7;-5.9;297.8
2022;208;8;-13.2;266.4
2022;208;9;52.6;354.3
2022;208;10;-1.6;311.6
2022;208;11;-15.4;280.6
2022;208;12;26.0;274.1
2022;208;13;-8.6;242.9
2022;208;14;-13.8;275.8
2022;208;15;-20.1;313.2
2022;208;16;-22.4;275.2
2022;208;17;-6.6;286.4
2022;208;18;-14.4;275.1
2022;208;19;35.6;310.5
2022;208;20;-6.1;296.7
2022;208;21;-9.6;286.9
2022;208;22;7.8;305.4
2022;208;23;-19.4;293.1
2022;209;0;-3.8;295.5
2022;209;1;9.7;302.1
2022;209;2;13.1;301.6
2022;209;3;-29.3;275.4
2022;209;4;-3.0;274.1
2022;209;5;-41.4;258.7
2022;209;6;-37.7;269.8
2022;209;7;3.4;259.2
2022;209;8;11.3;271.0
2022;209;9;13.9;275.1
2022;209;10;44.6;262.7
2022;209;11;33.3;271.7
2022;209;12;-35.3;314.5
2022;209;13;-33.2;356.6
2022;209;14;-5.8;303.8
2022;209;15;3.7;305.0
2022;209;16;-4.1;287.5
2022;209;17;13.1;268.4
2022;209;18;22.1;280.2
2022;209;19;-44.5;310.3
2022;209;20;-20.1;283.7
2022;209;21;10.5;285.3
2022;209;22;21.6;303.3
2022;209;23;-2.7;272.6
2022;210;0;22.4;276.4
2022;210;1;32.6;287.7
2022;210;2;3.5;270.4
2022;210;3;12.2;260.1
2022;210;4;8.5;253.0
2022;210;5;4.1;255.0
2022;210;6;22.1;243.1
2022;210;7;10.4;245.5
2022;210;8;10.1;241.3
2022;210;9;16.9;247.5
2022;210;10;6.3;255.1
2022;210;11;-10.4;275.0
2022;210;12;-37.7;289.9
2022;210;13;0.0;249.7
2022;210;14;3.4;240.0
2022;210;15;-13.2;255.4
2022;210;16;-20.0;264.9
2022;210;17;-24.3;274.4
2022;210;18;-27.9;268.0
2022;210;19;-1.4;252.7
2022;210;20;-0.5;247.0
2022;210;21;3.6;264.1
2022;210;22;21.3;248.7
2022;210;23;1.0;304.6
2022;211;0;-11.4;288.6
2022;211;1;-31.1;300.2
2022;211;2;-23.6;252.3
2022;211;3;-35.3;269.9
2022;211;4;-16.0;262.4
2022;211;5;-34.6;295.7
2022;211;6;-17.6;308.2
2022;211;7;33.2;284.0
2022;211;8;6.2;276.0
2022;211;9;-2.5;303.2
2022;211;10;4.9;303.6
2022;211;11;-27.3;330.8
2022;211;12;-28.7;326.7
2022;211;13;18.2;282.3
2022;211;14;-0.5;275.0
2022;211;15;22.1;288.9
2022;211;16;33.1;251.2
2022;211;17;13.4;307.9
2022;211;18;16.1;309.4
2022;211;19;28.1;315.0
2022;211;20;14.9;313.3
2022;211;21;-11.0;310.1
2022;211;22;15.0;314.8
2022;211;23;22.2;320.3
2022;212;0;-25.4;308.3
2022;212;1;22.9;345.1
2022;212;2;27.3;326.1
2022;212;3;3.2;293.6
2022;212;4;-21.0;287.6
2022;212;5;-59.0;295.9
2022;212;6;-17.5;315.3
2022;212;7;10.4;320.4
2022;212;8;13.6;316.9
2022;212;9;38.5;356.5
2022;212;10;29.2;324.9
2022;212;11;-20.5;301.2
2022;212;12;19.5;309.5
2022;212;13;26.1;305.4
2022;212;14;-59.2;244.7
2022;212;15;17.7;307.9
2022;212;16;43.6;28.9
2022;212;17;40.1;348.2
2022;212;18;31.3;320.5
2022;212;19;42.7;327.0
2022;212;20;20.9;305.1
2022;212;21;-5.9;300.7
2022;212;22;4.4;310.7
2022;212;23;-13.4;290.2
2022;213;0;11.5;324.6
2022;213;1;25.4;341.6
2022;213;2;14.5;330.3
2022;213;3;9.4;315.7
2022;213;4;37.4;315.8
2022;213;5;-18.0;294.2
2022;213;6;-7.2;306.2
2022;213;7;1.8;345.2
2022;213;8;-2.8;349.8
2022;213;9;-9.3;302.3
2022;213;10;-4.2;307.6
2022;213;11;-54.7;316.1
2022;213;12;-28.1;274.2
2022;213;13;-34.2;331.5
2022;213;14;-0.2;316.6
2022;213;15;12.3;329.5
2022;213;16;22.3;359.0
2022;213;17;40.9;346.8
2022;213;18;58.3;354.4
2022;213;19;12.7;319.0
2022;213;20;-4.6;296.1
2022;213;21;14.0;313.0
2022;213;22;11.3;336.4
2022;213;23;11.0;336.1
2022;214;0;9.4;332.5
2022;214;1;-0.9;340.6
2022;214;2;-22.4;334.5
2022;214;3;3.3;341.3
2022;214;4;12.7;333.0
2022;214;5;6.8;331.7
2022;214;6;-23.5;299.2
2022;214;7;-13.6;302.3
2022;214;8;-16.1;297.0
2022;214;9;26.8;327.1
2022;214;10;-8.2;333.6
2022;214;11;25.0;322.4
2022;214;12;26.4;316.8
2022;214;13;33.3;333.7
2022;214;14;-2.5;311.7
2022;214;15;-14.8;314.2
2022;214;16;52.7;331.4
2022;214;17;22.6;346.5
2022;214;18;9.3;20.6
2022;214;19;2.4;354.5
2022;214;20;6.6;5.4
2022;214;21;2.1;331.8
2022;214;22;2.2;308.5
2022;214;23;15.3;309.0
2022;215;0;24.3;293.3
2022;215;1;-22.3;289.9
2022;215;2;0.2;325.2
2022;215;3;0.7;341.8
2022;215;4;-15.7;347.8
2022;215;5;-72.2;8.6
2022;215;6;8.2;310.4
2022;215;7;50.2;290.0
2022;215;8;30.3;329.2
2022;215;9;17.8;309.0
2022;215;10;-0.8;310.5
2022;215;11;24.4;348.0
2022;215;12;-3.0;338.9
2022;215;13;5.4;304.8
2022;215;14;-24.1;319.5
2022;215;15;4.4;335.4
2022;215;16;-28.4;346.4
2022;215;17;-40.8;8.4
2022;215;18;-36.4;281.7
2022;215;19;-12.2;64.2
2022;215;20;29.4;17.5
2022;215;21;24.6;29.7
2022;215;22;-1.2;41.2
2022;215;23;26.6;340.3
2022;216;0;19.2;307.7
2022;216;1;-12.0;314.8
2022;216;2;7.6;323.0
2022;216;3;11.4;333.4
2022;216;4;16.3;321.0
2022;216;5;18.1;287.8
2022;216;6;19.8;323.6
2022;216;7;33.0;309.5
2022;216;8;21.3;303.3
2022;216;9;-8.6;311.8
2022;216;10;-11.9;317.0
2022;216;11;-22.3;300.5
2022;216;12;-42.1;286.1
2022;216;13;-40.1;345.0
2022;216;14;-25.0;2.3
2022;216;15;-14.3;15.9
2022;216;16;-14.3;6.7
2022;216;17;-31.6;14.7
2022;216;18;-25.7;351.9
2022;216;19;-9.9;320.5
2022;216;20;0.7;326.5
2022;216;21;-5.1;341.9
2022;216;22;-15.7;331.1
2022;216;23;-23.2;323.6
2022;217;0;-70.5;32.8
2022;217;1;-72.3;289.3
2022;217;2;-7.1;278.9
2022;217;3;-18.3;288.6
2022;217;4;18.8;298.8
2022;217;5;31.5;300.1
2022;217;6;33.2;307.9
2022;217;7;44.4;306.1
2022;217;8;41.8;312.8
2022;217;9;59.9;19.8
2022;217;10;13.3;314.1
2022;217;11;7.4;303.0
2022;217;12;-17.9;288.3
2022;217;13;-29.8;294.9
2022;217;14;0.0;295.4
2022;217;15;-32.2;319.7
2022;217;16;12.6;315.8
2022;217;17;36.2;310.7
2022;217;18;18.1;310.4
2022;217;19;7.1;303.5
2022;217;20;-6.5;303.7
2022;217;21;-20.4;304.5
2022;217;22;-33.3;232.9
2022;217;23;-54.0;182.6
2022;218;0;22.5;319.8
2022;218;1;14.0;326.8
2022;218;2;8.9;328.7
2022;218;3;24.6;309.0
2022;218;4;10.8;314.6
2022;218;5;2.1;305.8
2022;218;6;1.8;306.0
2022;218;7;1.7;313.0
2022;218;8;20.3;315.4
2022;218;9;18.3;305.4
2022;218;10;10.7;304.6
2022;218;11;1.0;323.7
2022;218;12;1.5;299.2
2022;218;13;16.4;304.4
2022;218;14;-1.0;308.3
2022;218;15;-5.6;323.1
2022;218;16;23.1;307.6
2022;218;17;49.5;287.4
2022;218;18;62.5;273.4
2022;218;19;69.1;300.1
2022;218;20;72.5;305.8
2022;218;21;62.6;305.8
2022;218;22;76.3;310.2
2022;218;23;76.8;297.0
2022;219;0;79.0;273.2
2022;219;1;79.3;221.7
2022;219;2;23.1;148.7
2022;219;3;25.0;157.5
2022;219;4;-27.3;150.9
2022;219;5;-32.0;145.6
2022;219;6;-37.5;139.9
2022;219;7;-27.9;130.9
2022;219;8;-16.9;121.8
2022;219;9;-11.4;135.2
2022;219;10;-19.6;138.4
2022;219;11;-26.2;135.4
2022;219;12;-58.5;101.7
2022;219;13;-8.5;119.5
2022;219;14;19.4;136.8
2022;219;15;-3.3;118.9
2022;219;16;-18.1;117.4
2022;219;17;-13.9;129.2
2022;219;18;-16.3;130.5
2022;219;19;-11.4;126.7
2022;219;20;32.3;183.7
2022;219;21;-10.3;144.5
2022;219;22;17.6;148.7
2022;219;23;-0.8;149.1
2022;220;0;8.0;148.4
2022;220;1;16.3;119.5
2022;220;2;7.2;95.5
2022;220;3;10.2;142.0
2022;220;4;2.4;128.7
2022;220;5;-13.4;119.3
2022;220;6;-19.4;119.2
2022;220;7;9.3;134.7
2022;220;8;2.1;116.4
2022;220;9;5.0;135.4
2022;220;10;2.4;112.8
2022;220;11;6.1;116.8
2022;220;12;12.1;137.1
2022;220;13;14.2;115.3
2022;220;14;5.0;120.3
2022;220;15;-5.3;129.8
2022;220;16;-5.0;98.0
2022;220;17;2.1;121.0
2022;220;18;-20.9;116.2
2022;220;19;-20.5;126.2
2022;220;20;27.9;104.0
2022;220;21;-17.4;112.0
2022;220;22;-18.7;111.1
2022;220;23;33.0;173.5
2022;221;0;43.1;125.6
2022;221;1;1.0;164.9
2022;221;2;-7.2;138.8
2022;221;3;0.0;72.0
2022;221;4;-23.8;110.3
2022;221;5;31.3;166.0
2022;221;6;17.9;143.6
2022;221;7;10.9;149.5
2022;221;8;-23.2;122.2
2022;221;9;-9.2;119.4
2022;221;10;-0.5;139.1
2022;221;11;-38.7;122.9
2022;221;12;-21.3;102.5
2022;221;13;28.5;158.6
2022;221;14;22.9;161.1
2022;221;15;-15.2;121.8
2022;221;16;-12.3;123.6
2022;221;17;-19.0;122.5
2022;221;18;-18.7;110.4
2022;221;19;-32.3;101.4
2022;221;20;-23.5;125.5
2022;221;21;-9.3;131.2
2022;221;22;26.8;172.2
2022;221;23;6.5;181.5
2022;222;0;24.6;181.4
2022;222;1;32.0;196.3
2022;222;2;20.5;186.5
2022;222;3;-9.2;136.9
2022;222;4;3.0;167.1
2022;222;5;24.1;160.1
2022;222;6;45.1;168.1
2022;222;7;12.1;182.7
2022;222;8;-2.4;160.6
2022;222;9;19.7;165.3
2022;222;10;15.6;155.9
2022;222;11;6.5;144.3
2022;222;12;-11.4;149.4
2022;222;13;15.9;171.6
2022;222;14;-5.5;168.2
2022;222;15;-6.0;150.8
2022;222;16;-5.4;147.8
2022;222;17;-23.6;120.2
2022;222;18;-20.0;131.0
2022;222;19;2.1;135.9
2022;222;20;-12.3;67.4
2022;222;21;-12.0;90.2
2022;222;22;-0.8;159.5
2022;222;23;7.7;80.3
2022;223;0;1.2;71.9
2022;223;1;-24.4;98.4
2022;223;2;-4.1;83.2
2022;223;3;-10.7;106.6
2022;223;4;11.7;135.2
2022;223;5;-21.7;82.0
2022;223;6;-8.3;84.6
2022;223;7;5.9;123.9
2022;223;8;25.4;150.1
2022;223;9;-6.7;93.6
2022;223;10;-34.2;46.7
2022;223;11;-41.9;38.2
2022;223;12;-47.5;36.7
2022;223;13;-64.0;63.6
2022;223;14;-69.4;118.2
2022;223;15;-36.7;206.6
2022;223;16;-53.5;64.0
2022;223;17;-38.5;47.9
2022;223;18;-30.6;50.4
2022;223;19;-28.3;52.1
2022;223;20;-13.2;54.5
2022;223;21;-4.0;74.3
2022;223;22;-4.8;53.9
2022;223;23;-4.6;48.9
2022;224;0;3.6;45.2
2022;224;1;67.9;80.3
2022;224;2;40.8;75.6
2022;224;3;33.1;36.7
2022;224;4;34.6;49.8
2022;224;5;42.0;66.2
2022;224;6;41.6;65.3
2022;224;7;6.2;83.4
2022;224;8;42.1;217.9
2022;224;9;-9.5;214.0
2022;224;10;-18.6;110.8
2022;224;11;-36.0;120.3
2022;224;12;-9.7;165.9
2022;224;13;-2.0;160.5
2022;224;14;4.9;161.2
2022;224;15;7.0;149.1
2022;224;16;0.4;147.7
2022;224;17;13.1;128.8
2022;224;18;25.1;143.2
2022;224;19;21.9;156.3
2022;224;20;31.8;161.7
2022;224;21;24.3;160.8
2022;224;22;-1.1;234.3
2022;224;23;3.9;302.7
2022;225;0;0.6;264.6
2022;225;1;1.9;235.4
2022;225;2;12.9;222.2
2022;225;3;60.1;156.2
2022;225;4;-8.7;105.0
2022;225;5;-19.6;116.9
2022;225;6;14.9;104.5
2022;225;7;44.8;133.0
2022;225;8;-28.2;86.3
2022;225;9;-6.1;113.0
2022;225;10;43.0;90.6
2022;225;11;25.2;104.4
2022;225;12;14.1;186.7
2022;225;13;-51.4;134.7
2022;225;14;-27.8;77.4
2022;225;15;7.8;52.9
2022;225;16;-17.5;77.4
2022;225;17;-3.9;53.3
2022;225;18;28.2;63.0
2022;225;19;-22.5;58.7
2022;225;20;11.9;51.9
2022;225;21;1.7;70.1
2022;225;22;-40.6;101.6
2022;225;23;-47.6;132.8
2022;226;0;-37.4;206.7
2022;226;1;-43.6;196.5
2022;226;2;-4.8;215.7
2022;226;3;-28.2;201.5
2022;226;4;-30.0;137.2
2022;226;5;11.7;138.5
2022;226;6;51.2;125.3
2022;226;7;30.7;180.1
2022;226;8;39.7;177.9
2022;226;9;15.4;179.7
2022;226;10;8.0;203.1
2022;226;11;-18.0;197.2
2022;226;12;4.4;185.0
2022;226;13;22.2;188.3
2022;226;14;19.6;163.1
2022;226;15;24.1;165.3
2022;226;16;30.2;160.9
2022;226;17;32.9;181.1
2022;226;18;29.3;169.3
2022;226;19;31.9;195.7
2022;226;20;21.1;193.8
2022;226;21;17.5;196.3
2022;226;22;21.1;199.9
2022;226;23;22.7;186.4
2022;227;0;27.5;174.9
2022;227;1;12.6;172.1
2022;227;2;-2.0;128.3
2022;227;3;16.8;156.7
2022;227;4;19.4;162.5
2022;227;5;13.8;162.1
2022;227;6;1.9;178.2
2022;227;7;1.4;148.5
2022;227;8;23.0;159.1
2022;227;9;18.2;157.8
2022;227;10;20.6;141.6
2022;227;11;-5.8;110.7
2022;227;12;22.8;89.0
2022;227;13;-24.5;102.5
2022;227;14;-39.5;76.6
2022;227;15;-12.4;65.8
2022;227;16;19.6;97.4
2022;227;17;19.9;114.9
2022;227;18;23.5;121.4
2022;227;19;51.2;105.2
2022;227;20;0.7;145.5
2022;227;21;-0.6;161.7
2022;227;22;-10.2;178.3
2022;227;23;5.2;156.8
2022;228;0;1.0;149.4
2022;228;1;-25.7;190.8
2022;228;2;-14.8;161.1
2022;228;3;16.7;157.5
2022;228;4;-3.8;143.7
2022;228;5;-34.8;141.0
2022;228;6;-26.1;144.3
2022;228;7;-26.2;145.3
2022;228;8;-34.4;144.0
2022;228;9;-21.7;147.8
2022;228;10;-19.0;141.0
2022;228;11;-16.7;134.9
2022;228;12;-8.5;134.3
2022;228;13;44.0;284.1
2022;228;14;57.2;281.4
2022;228;15;49.9;306.8
2022;228;16;54.5;342.5
2022;228;17;56.7;16.1
2022;228;18;34.0;356.9
2022;228;19;3.1;340.6
2022;228;20;-11.4;327.3
2022;228;21;-3.2;317.3
2022;228;22;-56.6;346.2
2022;228;23;-59.4;355.7
2022;229;0;34.6;310.4
2022;229;1;80.7;215.1
2022;229;2;61.6;306.7
2022;229;3;35.2;315.0
2022;229;4;22.9;308.5
2022;229;5;24.5;303.6
2022;229;6;50.4;318.5
2022;229;7;11.6;337.3
2022;229;8;14.3;341.0
2022;229;9;-50.9;281.9
2022;229;10;4.8;255.4
2022;229;11;7.4;284.9
2022;229;12;35.5;12.2
2022;229;13;41.1;28.5
2022;229;14;18.0;295.6
2022;229;15;-16.0;310.7
2022;229;16;-19.5;286.9
2022;229;17;-61.2;267.8
2022;229;18;-44.7;120.9
2022;229;19;-59.5;127.8
2022;229;20;-76.9;259.2
2022;229;21;38.9;328.8
2022;229;22;-12.2;333.6
2022;229;23;51.1;307.0
2022;230;0;65.0;308.2
2022;230;1;43.8;326.8
2022;230;2;26.5;328.8
2022;230;3;16.0;312.5
2022;230;4;29.7;314.6
2022;230;5;29.4;324.0
2022;230;6;6.6;345.9
2022;230;7;21.4;321.4
2022;230;8;33.9;324.4
2022;230;9;24.3;324.2
2022;230;10;11.0;4.1
2022;230;11;-13.8;19.8
2022;230;12;-12.4;6.7
2022;230;13;-34.2;33.5
2022;230;14;-38.1;357.2
2022;230;15;-10.9;51.5
2022;230;16;29.3;350.0
2022;230;17;32.9;293.9
2022;230;18;-20.1;310.5
2022;230;19;-16.7;334.6
2022;230;20;-14.7;319.2
2022;230;21;-25.6;311.9
2022;230;22;-15.4;3.0
2022;230;23;-5.3;340.5
2022;231;0;25.9;339.8
2022;231;1;-6.7;304.2
2022;231;2;-4.8;312.6
2022;231;3;-39.5;323.0
2022;231;4;-14.9;313.7
2022;231;5;7.8;335.6
2022;231;6;-29.7;14.0
2022;231;7;3.5;46.5
2022;231;8;7.6;22.4
2022;231;9;-25.2;337.8
2022;231;10;-22.5;0.2
2022;231;11;-9.4;356.0
2022;231;12;12.5;358.9
2022;231;13;-3.7;359.0
2022;231;14;14.9;16.7
2022;231;15;-7.9;9.4
2022;231;16;-18.6;338.2
2022;231;17;-38.9;16.5
2022;231;18;-68.0;340.5
2022;231;19;-55.7;281.6
2022;231;20;-0.3;230.4
2022;231;21;2.7;222.7
2022;231;22;-45.5;266.2
2022;231;23;-44.1;293.2
2022;232;0;-11.5;268.5
2022;232;1;28.7;218.5
2022;232;2;-44.1;267.5
2022;232;3;11.0;34.4
2022;232;4;6.7;40.7
2022;232;5;28.2;353.1
2022;232;6;-14.0;308.0
2022;232;7;-14.6;246.2
2022;232;8;37.6;286.7
2022;232;9;34.9;321.4
2022;232;10;12.6;347.6
2022;232;11;19.2;344.0
2022;232;12;17.4;342.7
2022;232;13;14.0;338.8
2022;232;14;18.0;341.9
2022;232;15;15.2;344.0
2022;232;16;21.7;340.4
2022;232;17;21.2;354.1
2022;232;18;16.6;68.3
2022;232;19;22.9;311.7
2022;232;20;-50.1;262.3
2022;232;21;-35.7;266.9
2022;232;22;-29.9;287.6
2022;232;23;-35.2;292.3
2022;233;0;-27.8;293.9
2022;233;1;-34.6;300.4
2022;233;2;-5.6;298.3
2022;233;3;4.0;327.7
2022;233;4;13.5;308.8
2022;233;5;-9.4;330.2
2022;233;6;-1.2;323.1
2022;233;7;2.9;326.5
2022;233;8;-11.1;342.7
2022;233;9;-19.9;338.3
2022;233;10;-6.8;322.7
2022;233;11;0.6;314.2
2022;233;12;-20.5;326.5
2022;233;13;-9.0;314.4
2022;233;14;-15.5;322.8
2022;233;15;-42.4;334.9
2022;233;16;-32.9;357.2
2022;233;17;-45.6;1.1
2022;233;18;3.7;350.9
2022;233;19;-20.6;18.6
2022;233;20;13.3;355.0
2022;233;21;-10.2;323.2
2022;233;22;23.5;359.6
2022;233;23;23.4;335.7
2022;234;0;-6.3;353.9
2022;234;1;-28.3;12.2
2022;234;2;10.6;333.9
2022;234;3;-1.3;351.0
2022;234;4;-9.3;344.8
2022;234;5;-8.5;349.0
2022;234;6;5.9;335.8
2022;234;7;7.6;349.2
2022;234;8;10.1;339.5
2022;234;9;-12.0;347.0
2022;234;10;13.0;351.3
2022;234;11;-2.0;349.4
2022;234;12;-4.2;340.2
2022;234;13;-0.2;351.2
2022;234;14;3.4;339.0
2022;234;15;-2.7;339.9
2022;234;16;-2.3;350.4
2022;234;17;3.2;334.7
2022;234;18;-4.1;325.9
2022;234;19;-2.7;326.6
2022;234;20;0.0;335.4
2022;234;21;0.4;352.3
2022;234;22;-2.9;351.3
2022;234;23;-5.9;354.5
2022;235;0;-0.9;336.9
2022;235;1;1.5;336.7
2022;235;2;2.4;321.6
2022;235;3;4.1;318.1
2022;235;4;-7.6;296.9
2022;235;5;8.2;329.5
2022;235;6;-4.1;310.5
2022;235;7;5.5;344.2
2022;235;8;2.1;346.6
2022;235;9;-14.4;0.1
2022;235;10;-10.1;341.1
2022;235;11;-7.6;323.7
2022;235;12;-8.5;319.3
2022;235;13;-11.4;326.1
2022;235;14;-15.8;298.0
2022;235;15;-0.2;305.2
2022;235;16;6.7;324.5
2022;235;17;15.1;327.5
2022;235;18;11.8;311.8
2022;235;19;15.0;302.7
2022;235;20;12.4;319.6
2022;235;21;6.9;302.0
2022;235;22;17.8;308.2
2022;235;23;-8.8;327.8
2022;236;0;31.4;270.5
2022;236;1;4.9;316.9
2022;236;2;17.0;324.6
2022;236;3;8.4;294.8
2022;236;4;39.8;280.4
2022;236;5;2.5;272.9
2022;236;6;-9.9;257.4
2022;236;7;-2.9;261.0
2022;236;8;-5.1;249.8
2022;236;9;-21.4;253.0
2022;236;10;1.2;313.0
2022;236;11;13.0;355.5
2022;236;12;22.0;329.5
2022;236;13;13.2;300.5
2022;236;14;-11.2;270.6
2022;236;15;-8.8;277.3
2022;236;16;-5.1;278.8
2022;236;17;9.7;317.3
2022;236;18;4.2;310.6
2022;236;19;2.5;318.9
2022;236;20;1.5;306.9
2022;236;21;16.4;269.5
2022;236;22;8.2;270.5
2022;236;23;5.6;277.2
2022;237;0;-9.5;275.4
2022;237;1;-11.1;285.5
2022;237;2;-1.8;293.4
2022;237;3;1.5;300.6
2022;237;4;13.2;317.4
2022;237;5;20.0;319.4
2022;237;6;-2.8;315.1
2022;237;7;-10.4;347.6
2022;237;8;20.2;3.2
2022;237;9;10.2;337.5
2022;237;10;14.0;330.5
2022;237;11;11.7;343.0
2022;237;12;5.1;342.6
2022;237;13;16.7;326.6
2022;237;14;15.3;321.7
2022;237;15;12.5;316.7
2022;237;16;9.9;333.2
2022;237;17;5.3;330.2
2022;237;18;14.9;327.9
2022;237;19;14.4;329.9
2022;237;20;10.0;334.8
2022;237;21;8.8;345.0
2022;237;22;-7.9;327.6
2022;237;23;-18.1;311.3
2022;238;0;-1.3;330.9
2022;238;1;-7.5;314.3
2022;238;2;-12.0;299.1
2022;238;3;-6.1;314.1
2022;238;4;-21.3;306.6
2022;238;5;-31.6;309.6
2022;238;6;-5.6;289.9
2022;238;7;9.1;277.9
2022;238;8;-4.9;275.9
2022;238;9;-5.8;286.0
2022;238;10;3.8;285.9
2022;238;11;9.6;255.6
2022;238;12;-6.4;270.4
2022;238;13;-15.8;279.1
2022;238;14;-27.6;283.5
2022;238;15;-11.1;277.1
2022;238;16;-14.0;278.7
2022;238;17;-2.2;271.8
2022;238;18;-2.0;266.2
2022;238;19;-5.9;272.6
2022;238;20;-11.3;269.3
2022;238;21;-14.3;278.9
2022;238;22;-14.9;284.9
2022;238;23;-13.8;278.0
2022;239;0;-18.8;276.2
2022;239;1;-15.1;285.1
2022;239;2;-17.6;285.9
2022;239;3;-24.8;277.1
2022;239;4;-30.9;274.1
2022;239;5;-25.5;279.9
2022;239;6;-17.5;297.1
2022;239;7;-17.7;302.1
2022;239;8;-30.2;307.7
2022;239;9;-41.7;310.0
2022;239;10;-40.8;308.0
2022;239;11;-51.5;300.6
2022;239;12;-73.8;243.9
2022;239;13;-54.0;255.2
2022;239;14;-5.7;288.4
2022;239;15;-6.2;302.4
2022;239;16;10.2;310.6
2022;239;17;38.5;315.0
2022;239;18;-43.7;306.1
2022;239;19;-30.9;307.0
2022;239;20;-8.8;307.6
2022;239;21;-19.7;314.8
2022;239;22;57.5;325.5
2022;239;23;6.4;343.7
2022;240;0;29.2;337.7
2022;240;1;38.5;343.0
2022;240;2;37.4;342.5
2022;240;3;32.5;346.1
2022;240;4;-0.1;328.9
2022;240;5;46.0;349.0
2022;240;6;9.0;345.7
2022;240;7;3.0;350.0
2022;240;8;39.8;338.7
2022;240;9;-0.8;299.3
2022;240;10;-35.2;324.4
2022;240;11;7.4;303.4
2022;240;12;5.4;296.1
2022;240;13;19.3;281.3
2022;240;14;12.6;295.0
2022;240;15;-18.1;324.1
2022;240;16;-3.8;325.8
2022;240;17;6.0;331.0
2022;240;18;1.5;315.9
2022;240;19;-20.5;321.8
2022;240;20;10.5;351.4
2022;240;21;18.6;336.5
2022;240;22;6.1;326.3
2022;240;23;16.4;322.6
2022;241;0;-2.8;311.9
2022;241;1;-26.1;303.8
2022;241;2;-32.6;293.2
2022;241;3;-71.3;206.5
2022;241;4;13.9;76.9
2022;241;5;-53.8;214.7
2022;241;6;26.7;343.8
2022;241;7;-20.3;314.6
2022;241;8;25.7;331.0
2022;241;9;19.9;329.3
2022;241;10;-5.7;289.5
2022;241;11;-16.5;275.9
2022;241;12;-35.9;223.3
2022;241;13;-20.3;214.6
2022;241;14;8.8;227.3
2022;241;15;28.6;281.0
2022;241;16;17.5;317.7
2022;241;17;22.7;308.7
2022;241;18;10.9;305.1
2022;241;19;5.1;314.9
2022;241;20;33.8;342.1
2022;241;21;32.0;16.2
2022;241;22;54.1;22.9
2022;241;23;59.1;11.9
2022;242;0;50.8;48.6
2022;242;1;33.4;63.9
2022;242;2;-30.8;300.1
2022;242;3;-56.6;265.2
2022;242;4;-34.6;260.9
2022;242;5;29.4;341.4
2022;242;6;8.8;355.6
2022;242;7;0.0;320.0
2022;242;8;3.7;285.1
2022;242;9;-34.0;263.1
2022;242;10;-9.8;291.4
2022;242;11;13.6;311.5
2022;242;12;12.8;307.2
2022;242;13;-1.0;305.8
2022;242;14;1.4;308.7
2022;242;15;19.7;327.1
2022;242;16;3.6;355.3
2022;242;17;-0.1;336.9
2022;242;18;21.4;353.7
2022;242;19;-14.5;350.7
2022;242;20;-10.3;0.7
2022;242;21;5.1;22.4
2022;242;22;20.2;352.1
2022;242;23;7.0;328.1
2022;243;0;15.5;321.7
2022;243;1;0.5;322.9
2022;243;2;-11.2;306.2
2022;243;3;-18.8;285.7
2022;243;4;-11.0;293.7
2022;243;5;-2.8;325.0
2022;243;6;-29.3;314.9
2022;243;7;10.6;6.1
2022;243;8;15.7;358.0
2022;243;9;4.1;343.4
2022;243;10;12.8;344.0
2022;243;11;-10.5;332.6
2022;243;12;-8.4;325.2
2022;243;13;-11.2;349.1
2022;243;14;-15.4;359.0
2022;243;15;1.6;26.6
2022;243;16;12.8;350.0
2022;243;17;14.1;356.2
2022;243;18;26.9;338.9
2022;243;19;21.4;323.3
2022;243;20;1.3;317.8
2022;243;21;-52.8;333.8
2022;243;22;-21.2;323.7
2022;243;23;-4.5;314.2
2022;244;0;-20.1;304.8
2022;244;1;32.8;329.6
2022;244;2;-36.3;288.9
2022;244;3;-16.9;293.5
2022;244;4;9.1;303.7
2022;244;5;28.1;338.3
2022;244;6;21.2;343.8
2022;244;7;9.6;340.0
2022;244;8;18.3;314.3
2022;244;9;5.5;243.3
2022;244;10;9.1;330.5
2022;244;11;10.3;348.1
2022;244;12;4.7;336.7
2022;244;13;10.5;332.4
2022;244;14;9.6;338.5
2022;244;15;14.0;319.1
2022;244;16;27.4;333.1
2022;244;17;-15.4;337.1
2022;244;18;2.4;330.6
2022;244;19;6.5;330.4
2022;244;20;-0.2;318.3
2022;244;21;7.9;316.2
2022;244;22;0.9;335.8
2022;244;23;3.8;314.8
2022;245;0;-0.6;323.3
2022;245;1;-9.4;329.4
2022;245;2;3.9;327.7
2022;245;3;17.6;323.0
2022;245;4;11.0;329.6
2022;245;5;41.7;313.1
2022;245;6;20.7;326.4
2022;245;7;48.6;310.6
2022;245;8;-5.0;121.8
2022;245;9;18.2;210.1
2022;245;10;14.1;192.0
2022;245;11;6.5;206.8
2022;245;12;-39.0;288.6
2022;245;13;3.2;278.6
2022;245;14;7.4;258.2
2022;245;15;20.8;253.8
2022;245;16;14.6;271.0
2022;245;17;35.1;173.9
2022;245;18;31.9;173.8
2022;245;19;-1.2;173.6
2022;245;20;3.0;151.0
2022;245;21;-14.4;139.1
2022;245;22;-20.2;145.0
2022;245;23;-11.5;155.5
2022;246;0;-24.8;149.2
2022;246;1;-32.9;157.3
2022;246;2;-51.7;148.3
2022;246;3;-41.0;156.8
2022;246;4;42.9;340.3
2022;246;5;2.4;19.1
2022;246;6;44.1;158.5
2022;246;7;34.1;139.0
2022;246;8;-7.6;99.9
2022;246;9;-11.3;100.9
2022;246;10;-8.6;107.0
2022;246;11;1.5;106.0
2022;246;12;-14.0;125.8
2022;246;13;-13.6;119.5
2022;246;14;6.3;133.9
2022;246;15;999.9;999.9
2022;246;16;999.9;999.9
2022;246;17;-5.5;137.8
2022;246;18;-12.4;141.1
2022;246;19;-17.5;136.4
2022;246;20;-21.9;133.5
2022;246;21;-25.4;104.8
2022;246;22;-38.4;114.6
2022;246;23;27.8;155.2
2022;247;0;47.5;166.4
2022;247;1;7.6;146.3
2022;247;2;-31.4;148.4
2022;247;3;-8.2;143.3
2022;247;4;-22.2;129.0
2022;247;5;-24.8;118.8
2022;247;6;13.7;143.3
2022;247;7;-16.9;136.8
2022;247;8;-25.3;124.6
2022;247;9;-22.3;119.2
2022;247;10;-19.4;128.2
2022;247;11;2.4;108.6
2022;247;12;1.8;125.2
2022;247;13;31.9;156.1
2022;247;14;-7.7;128.0
2022;247;15;-22.6;119.9
2022;247;16;-1.4;114.6
2022;247;17;-5.0;119.3
2022;247;18;-11.9;153.8
2022;247;19;-9.7;111.7
2022;247;20;5.9;150.1
2022;247;21;-22.4;160.4
2022;247;22;-15.6;143.2
2022;247;23;-20.2;116.4
2022;248;0;1.6;117.1
2022;248;1;-10.8;154.6
2022;248;2;-8.2;150.5
2022;248;3;9.6;152.9
2022;248;4;46.1;141.5
2022;248;5;14.9;118.0
2022;248;6;24.6;128.0
2022;248;7;19.1;110.1
2022;248;8;-3.8;130.6
2022;248;9;-20.6;132.8
2022;248;10;-31.8;122.5
2022;248;11;-23.8;142.0
2022;248;12;-13.6;142.4
2022;248;13;-23.6;175.2
2022;248;14;-2.5;129.7
2022;248;15;-16.6;143.4
2022;248;16;-7.3;162.0
2022;248;17;-5.9;140.4
2022;248;18;15.0;185.4
2022;248;19;54.2;158.9
2022;248;20;0.7;136.9
2022;248;21;-34.0;159.7
2022;248;22;38.6;156.8
2022;248;23;-0.3;166.1
2022;249;0;-15.7;141.8
2022;249;1;-3.6;148.7
2022;249;2;13.0;117.1
2022;249;3;38.7;170.0
2022;249;4;18.2;148.3
2022;249;5;-18.9;134.0
2022;249;6;47.3;170.8
2022;249;7;33.9;123.8
2022;249;8;36.9;121.3
2022;249;9;49.3;94.0
2022;249;10;65.5;120.8
2022;249;11;21.5;104.4
2022;249;12;8.8;129.9
2022;249;13;16.7;122.8
2022;249;14;2.5;129.6
2022;249;15;3.8;129.3
2022;249;16;4.9;125.6
2022;249;17;3.3;117.6
2022;249;18;21.2;133.9
2022;249;19;25.3;133.0
2022;249;20;-19.2;126.9
2022;249;21;33.6;149.8
2022;249;22;28.3;161.8
2022;249;23;2.2;127.8
2022;250;0;10.4;129.5
2022;250;1;31.3;132.2
2022;250;2;46.9;190.3
2022;250;3;21.9;148.1
2022;250;4;5.3;167.4
2022;250;5;10.1;131.1
2022;250;6;-18.1;122.8
2022;250;7;6.6;140.1
2022;250;8;32.6;166.0
2022;250;9;25.3;163.0
2022;250;10;-17.2;150.3
2022;250;11;7.7;119.1
2022;250;12;27.8;126.7
2022;250;13;-8.7;139.5
2022;250;14;-4.4;146.3
2022;250;15;-20.9;123.6
2022;250;16;-45.2;106.1
2022;250;17;-41.8;136.6
2022;250;18;-6.5;154.9
2022;250;19;5.0;173.3
2022;250;20;32.8;176.1
2022;250;21;25.1;210.2
2022;250;22;39.6;228.4
2022;250;23;8.1;191.4
2022;251;0;8.7;197.4
2022;251;1;999.9;999.9
2022;251;2;999.9;999.9
2022;251;3;999.9;999.9
2022;251;4;999.9;999.9
2022;251;5;999.9;999.9
2022;251;6;999.9;999.9
2022;251;7;999.9;999.9
2022;251;8;999.9;999.9
2022;251;9;999.9;999.9
2022;251;10;999.9;999.9
2022;251;11;999.9;999.9
2022;251;12;999.9;999.9
2022;251;13;999.9;999.9
2022;251;14;999.9;999.9
2022;251;15;999.9;999.9
2022;251;16;999.9;999.9
2022;251;17;999.9;999.9
2022;251;18;999.9;999.9
2022;251;19;999.9;999.9
2022;251;20;999.9;999.9
2022;251;21;999.9;999.9
2022;251;22;999.9;999.9
2022;251;23;999.9;999.9
2022;252;0;999.9;999.9
2022;252;1;999.9;999.9
2022;252;2;999.9;999.9
2022;252;3;999.9;999.9
2022;252;4;999.9;999.9
2022;252;5;999.9;999.9
2022;252;6;999.9;999.9
2022;252;7;999.9;999.9
2022;252;8;999.9;999.9
2022;252;9;999.9;999.9
2022;252;10;999.9;999.9
2022;252;11;999.9;999.9
2022;252;12;999.9;999.9
2022;252;13;999.9;999.9
2022;252;14;999.9;999.9
2022;252;15;999.9;999.9
2022;252;16;999.9;999.9
2022;252;17;999.9;999.9
2022;252;18;999.9;999.9
2022;252;19;999.9;999.9
2022;252;20;999.9;999.9
2022;252;21;999.9;999.9
2022;252;22;999.9;999.9
2022;252;23;999.9;999.9
2022;253;0;999.9;999.9
2022;253;1;999.9;999.9
2022;253;2;999.9;999.9
2022;253;3;999.9;999.9
2022;253;4;999.9;999.9
2022;253;5;999.9;999.9
2022;253;6;999.9;999.9
2022;253;7;999.9;999.9
2022;253;8;999.9;999.9
2022;253;9;999.9;999.9
2022;253;10;999.9;999.9
2022;253;11;999.9;999.9
2022;253;12;999.9;999.9
2022;253;13;999.9;999.9
2022;253;14;999.9;999.9
2022;253;15;999.9;999.9
2022;253;16;999.9;999.9
2022;253;17;999.9;999.9
2022;253;18;999.9;999.9
2022;253;19;999.9;999.9
2022;253;20;999.9;999.9
2022;253;21;999.9;999.9
2022;253;22;999.9;999.9
2022;253;23;999.9;999.9
2022;254;0;999.9;999.9
2022;254;1;999.9;999.9
2022;254;2;999.9;999.9
2022;254;3;999.9;999.9
2022;254;4;999.9;999.9
2022;254;5;999.9;999.9
2022;254;6;999.9;999.9
2022;254;7;999.9;999.9
2022;254;8;999.9;999.9
2022;254;9;999.9;999.9
2022;254;10;999.9;999.9
2022;254;11;999.9;999.9
2022;254;12;999.9;999.9
2022;254;13;999.9;999.9
2022;254;14;999.9;999.9
2022;254;15;999.9;999.9
2022;254;16;999.9;999.9
2022;254;17;999.9;999.9
2022;254;18;999.9;999.9
2022;254;19;999.9;999.9
2022;254;20;999.9;999.9
2022;254;21;999.9;999.9
2022;254;22;999.9;999.9
2022;254;23;999.9;999.9
2022;255;0;999.9;999.9
2022;255;1;999.9;999.9
2022;255;2;999.9;999.9
2022;255;3;999.9;999.9
2022;255;4;999.9;999.9
2022;255;5;999.9;999.9
2022;255;6;999.9;999.9
2022;255;7;999.9;999.9
2022;255;8;999.9;999.9
2022;255;9;999.9;999.9
2022;255;10;999.9;999.9
2022;255;11;999.9;999.9
2022;255;12;999.9;999.9
2022;255;13;999.9;999.9
2022;255;14;999.9;999.9
2022;255;15;999.9;999.9
2022;255;16;999.9;999.9
2022;255;17;999.9;999.9
2022;255;18;999.9;999.9
2022;255;19;999.9;999.9
2022;255;20;999.9;999.9
2022;255;21;999.9;999.9
2022;255;22;999.9;999.9
2022;255;23;999.9;999.9
2022;256;0;999.9;999.9
2022;256;1;999.9;999.9
2022;256;2;999.9;999.9
2022;256;3;999.9;999.9
2022;256;4;999.9;999.9
2022;256;5;999.9;999.9
2022;256;6;999.9;999.9
2022;256;7;999.9;999.9
2022;256;8;999.9;999.9
2022;256;9;999.9;999.9
2022;256;10;999.9;999.9
2022;256;11;999.9;999.9
2022;256;12;999.9;999.9
2022;256;13;999.9;999.9
2022;256;14;999.9;999.9
2022;256;15;999.9;999.9
2022;256;16;999.9;999.9
2022;256;17;999.9;999.9
2022;256;18;999.9;999.9
2022;256;19;999.9;999.9
2022;256;20;999.9;999.9
2022;256;21;999.9;999.9
2022;256;22;999.9;999.9
2022;256;23;999.9;999.9
2022;257;0;999.9;999.9
2022;257;1;999.9;999.9
2022;257;2;999.9;999.9
2022;257;3;999.9;999.9
2022;257;4;999.9;999.9
2022;257;5;999.9;999.9
2022;257;6;999.9;999.9
2022;257;7;999.9;999.9
2022;257;8;999.9;999.9
2022;257;9;999.9;999.9
2022;257;10;999.9;999.9
2022;257;11;999.9;999.9
2022;257;12;999.9;999.9
2022;257;13;999.9;999.9
2022;257;14;999.9;999.9
2022;257;15;999.9;999.9
2022;257;16;999.9;999.9
2022;257;17;999.9;999.9
2022;257;18;999.9;999.9
2022;257;19;999.9;999.9
2022;257;20;999.9;999.9
2022;257;21;999.9;999.9
2022;257;22;999.9;999.9
2022;257;23;999.9;999.9
2022;258;0;999.9;999.9
2022;258;1;999.9;999.9
2022;258;2;999.9;999.9
2022;258;3;999.9;999.9
2022;258;4;999.9;999.9
2022;258;5;999.9;999.9
2022;258;6;999.9;999.9
2022;258;7;999.9;999.9
2022;258;8;999.9;999.9
2022;258;9;999.9;999.9
2022;258;10;999.9;999.9
2022;258;11;999.9;999.9
2022;258;12;999.9;999.9
2022;258;13;999.9;999.9
2022;258;14;999.9;999.9
2022;258;15;999.9;999.9
2022;258;16;999.9;999.9
2022;258;17;999.9;999.9
2022;258;18;999.9;999.9
2022;258;19;999.9;999.9
2022;258;20;999.9;999.9
2022;258;21;999.9;999.9
2022;258;22;999.9;999.9
2022;258;23;999.9;999.9
2022;259;0;999.9;999.9
2022;259;1;999.9;999.9
2022;259;2;999.9;999.9
2022;259;3;999.9;999.9
2022;259;4;999.9;999.9
2022;259;5;999.9;999.9
2022;259;6;999.9;999.9
2022;259;7;999.9;999.9
2022;259;8;999.9;999.9
2022;259;9;999.9;999.9
2022;259;10;999.9;999.9
2022;259;11;999.9;999.9
2022;259;12;999.9;999.9
2022;259;13;999.9;999.9
2022;259;14;999.9;999.9
2022;259;15;999.9;999.9
2022;259;16;999.9;999.9
2022;259;17;999.9;999.9
2022;259;18;999.9;999.9
2022;259;19;999.9;999.9
2022;259;20;999.9;999.9
2022;259;21;999.9;999.9
2022;259;22;999.9;999.9
2022;259;23;999.9;999.9
2022;260;0;999.9;999.9
2022;260;1;999.9;999.9
2022;260;2;999.9;999.9
2022;260;3;999.9;999.9
2022;260;4;999.9;999.9
2022;260;5;999.9;999.9
2022;260;6;999.9;999.9
2022;260;7;999.9;999.9
2022;260;8;999.9;999.9
2022;260;9;999.9;999.9
2022;260;10;999.9;999.9
2022;260;11;999.9;999.9
2022;260;12;999.9;999.9
2022;260;13;999.9;999.9
2022;260;14;999.9;999.9
2022;260;15;999.9;999.9
2022;260;16;999.9;999.9
2022;260;17;999.9;999.9
2022;260;18;999.9;999.9
2022;260;19;999.9;999.9
2022;260;20;999.9;999.9
2022;260;21;999.9;999.9
2022;260;22;999.9;999.9
2022;260;23;999.9;999.9
2022;261;0;999.9;999.9
2022;261;1;999.9;999.9
2022;261;2;999.9;999.9
2022;261;3;999.9;999.9
2022;261;4;999.9;999.9
2022;261;5;999.9;999.9
2022;261;6;999.9;999.9
2022;261;7;999.9;999.9
2022;261;8;999.9;999.9
2022;261;9;999.9;999.9
2022;261;10;999.9;999.9
2022;261;11;999.9;999.9
2022;261;12;999.9;999.9
2022;261;13;999.9;999.9
2022;261;14;999.9;999.9
2022;261;15;999.9;999.9
2022;261;16;999.9;999.9
2022;261;17;999.9;999.9
2022;261;18;999.9;999.9
2022;261;19;999.9;999.9
2022;261;20;999.9;999.9
2022;261;21;999.9;999.9
2022;261;22;999.9;999.9
2022;261;23;999.9;999.9
2022;262;0;999.9;999.9
2022;262;1;999.9;999.9
2022;262;2;999.9;999.9
2022;262;3;999.9;999.9
2022;262;4;999.9;999.9
2022;262;5;999.9;999.9
2022;262;6;999.9;999.9
2022;262;7;999.9;999.9
2022;262;8;999.9;999.9
2022;262;9;999.9;999.9
2022;262;10;999.9;999.9
2022;262;11;999.9;999.9
2022;262;12;999.9;999.9
2022;262;13;999.9;999.9
2022;262;14;999.9;999.9
2022;262;15;999.9;999.9
2022;262;16;999.9;999.9
2022;262;17;999.9;999.9
2022;262;18;999.9;999.9
2022;262;19;999.9;999.9
2022;262;20;999.9;999.9
2022;262;21;999.9;999.9
2022;262;22;999.9;999.9
2022;262;23;999.9;999.9
2022;263;0;999.9;999.9
2022;263;1;999.9;999.9
2022;263;2;999.9;999.9
2022;263;3;999.9;999.9
2022;263;4;999.9;999.9
2022;263;5;999.9;999.9
2022;263;6;999.9;999.9
2022;263;7;999.9;999.9
2022;263;8;999.9;999.9
2022;263;9;999.9;999.9
2022;263;10;999.9;999.9
2022;263;11;999.9;999.9
2022;263;12;999.9;999.9
2022;263;13;999.9;999.9
2022;263;14;999.9;999.9
2022;263;15;999.9;999.9
2022;263;16;999.9;999.9
2022;263;17;999.9;999.9
2022;263;18;999.9;999.9
2022;263;19;999.9;999.9
2022;263;20;999.9;999.9
2022;263;21;999.9;999.9
2022;263;22;999.9;999.9
2022;263;23;999.9;999.9
2022;264;0;999.9;999.9
2022;264;1;999.9;999.9
2022;264;2;999.9;999.9
2022;264;3;999.9;999.9
2022;264;4;999.9;999.9
2022;264;5;999.9;999.9
2022;264;6;999.9;999.9
2022;264;7;999.9;999.9
2022;264;8;999.9;999.9
2022;264;9;999.9;999.9
2022;264;10;999.9;999.9
2022;264;11;999.9;999.9
2022;264;12;999.9;999.9
2022;264;13;999.9;999.9
2022;264;14;999.9;999.9
2022;264;15;999.9;999.9
2022;264;16;999.9;999.9
2022;264;17;999.9;999.9
2022;264;18;999.9;999.9
2022;264;19;999.9;999.9
2022;264;20;999.9;999.9
2022;264;21;999.9;999.9
2022;264;22;999.9;999.9
2022;264;23;999.9;999.9